[
    {   
        "id": 1,
        "image": "../images/5472.avif",
        "title": "Bitcoin (BTC) Crypto News Today",
        "content": "Bitcoin miners are emerging as dynamic energy buyers, using sophisticated strategies to adjust their energy consumption based on supply and demand."
    },
    {   
        "id": 4,
        "image": "../images/Buis_USA_News.webp",
        "title": "Boeing’s Failed Plea Deal: What Happens Next",
        "content": "‘A weak plea deal will do nothing to effectuate major change within the company,’ Applebaum said."
    },
    {   
        "id": 7,
        "image": "../images/thepocs_news.webp",
        "title": "Hunter Biden Pardon Covers Broad Scope",
        "content": "‘There’s a general practice as to when pardons ought to be issued ... and presidents get to exercise it for good reasons and bad reasons,’ Malcolm said."
    },
    {   
        "id": 11,
        "image": "https://www.theepochtimes.com/_next/image?url=https%3A%2F%2Fimg.theepochtimes.com%2Fassets%2Fuploads%2F2024%2F11%2F20%2Fid5763358-14_2-1080x720.jpg&w=1200&q=75",
        "title": "What to Expect From DOGE",
        "content": "The project plans to cut roughly $2 trillion from the federal budget, or 30 percent of annual government spending."
    },
    {   
        "id": 8,
        "image": "../images/professional-picture.jpg",
        "title": "Here’s What Americans Are Thankful for This Year",
        "content": "Family, life, and life’s little blessings loom large as Americans prepare for their national day of gratitude."
    },
    {   
        "id": 12,
        "image": "https://www.theepochtimes.com/_next/image?url=https%3A%2F%2Fimg.theepochtimes.com%2Fassets%2Fuploads%2F2024%2F11%2F15%2Fid5760507-GettyImages-2148308639.jpg-LSedit-1080x720.jpg&w=1200&q=75",
        "title": "5 Takeaways From Congressional UFO Hearing",
        "content": "Witnesses described a climate of ‘over classification’ of anything related to UFOs, or UAP, from the U.S. government."
    }
]